iterations,c_time,asm_time,speedup
1,0.196433,0.008233,23.8592
5,0.976710,0.047122,20.7273
10,1.960136,0.087860,22.3098
20,3.709671,0.178257,20.8108
50,9.449956,0.457990,20.6335
100,19.025157,0.904446,21.0351
