iterations,c_time,asm_time,speedup
1,0.052825,0.007975,6.6238
5,0.243537,0.040523,6.0098
10,0.488951,0.080017,6.1106
20,0.995240,0.158111,6.2946
50,2.445001,0.438243,5.5791
100,4.869302,0.819488,5.9419
