iterations,c_time,asm_time,speedup
1,0.057045,0.008387,6.8016
5,0.252597,0.040572,6.2259
10,0.512016,0.082602,6.1986
20,1.030987,0.168275,6.1268
50,2.544035,0.413656,6.1501
100,5.126008,0.833688,6.1486
